{"token_acc": 1.0, "token_p": 1.0, "token_r": 1.0, "token_f": 1.0, "ents_p": 0.43346007604562736, "ents_r": 0.6145552560646901, "ents_f": 0.508361204013378, "ents_per_type": {"First_Name": {"p": 0.9014084507042254, "r": 0.8888888888888888, "f": 0.8951048951048951}, "Last_Name": {"p": 0.8367346938775511, "r": 0.9111111111111111, "f": 0.8723404255319148}, "Age": {"p": 0.19591836734693877, "r": 0.34532374100719426, "f": 0.25}, "Social_Security_Number": {"p": 0.6, "r": 1.0, "f": 0.7499999999999999}, "Location": {"p": 0.35294117647058826, "r": 0.5581395348837209, "f": 0.43243243243243246}, "Date": {"p": 0.5844155844155844, "r": 0.7377049180327869, "f": 0.6521739130434783}, "Phone_Number": {"p": 0.2727272727272727, "r": 0.375, "f": 0.3157894736842105}}}