{"token_acc": 1.0, "token_p": 1.0, "token_r": 1.0, "token_f": 1.0, "ents_p": 0.5957446808510638, "ents_r": 0.7103594080338267, "ents_f": 0.6480231436837031, "ents_per_type": {"PHI": {"p": 0.5957446808510638, "r": 0.7103594080338267, "f": 0.6480231436837031}}}