{"tp": 0.040991535671100365, "tn": 0.9211608222490931, "fp": 0.009794437726723096, "fn": 0.028053204353083436, "removals": 0.0, "rewrites": 0.0, "insertions": 0.00012091898428053205, "precision": 0.8071428571428572, "recall": 0.5936952714535902, "f1": 0.6841574167507568}