{"token_acc": null, "token_p": null, "token_r": null, "token_f": null, "ents_p": 0.44336569579288027, "ents_r": 0.4065281899109792, "ents_f": 0.42414860681114547, "ents_per_type": {"PHI": {"p": 0.44336569579288027, "r": 0.4065281899109792, "f": 0.42414860681114547}}}