{"tp": 0.047412025264539415, "tn": 0.7517020753014519, "fp": 0.061110655401525715, "fn": 0.08137150356820605, "removals": 0.0, "rewrites": 0.004429497170043475, "insertions": 0.004183413993929948, "precision": 0.436885865457294, "recall": 0.36815286624203825, "f1": 0.39958520566885586}