{"token_acc": null, "token_p": null, "token_r": null, "token_f": null, "ents_p": 0.7411167512690355, "ents_r": 0.5347985347985348, "ents_f": 0.6212765957446807, "ents_per_type": {"PHI": {"p": 0.7411167512690355, "r": 0.5347985347985348, "f": 0.6212765957446807}}}