{"token_acc": 1.0, "token_p": 1.0, "token_r": 1.0, "token_f": 1.0, "ents_p": 0.5853658536585366, "ents_r": 0.7132243684992571, "ents_f": 0.6430006697923644, "ents_per_type": {"Date": {"p": 0.7394366197183099, "r": 0.8015267175572519, "f": 0.7692307692307692}, "Location": {"p": 0.22924901185770752, "r": 0.3352601156069364, "f": 0.2723004694835681}, "Age": {"p": 1.0, "r": 0.9191919191919192, "f": 0.9578947368421054}, "First_Name": {"p": 0.6269430051813472, "r": 0.8705035971223022, "f": 0.7289156626506026}, "Phone_Number": {"p": 1.0, "r": 0.5641025641025641, "f": 0.7213114754098361}, "Social_Security_Number": {"p": 0.6792452830188679, "r": 0.972972972972973, "f": 0.7999999999999999}, "Last_Name": {"p": 0.7121212121212122, "r": 0.8545454545454545, "f": 0.7768595041322314}}}