{"token_acc": 1.0, "token_p": 1.0, "token_r": 1.0, "token_f": 1.0, "ents_p": 0.6329268292682927, "ents_r": 0.7711738484398217, "ents_f": 0.695244474212994, "ents_per_type": {"PHI": {"p": 0.6329268292682927, "r": 0.7711738484398217, "f": 0.695244474212994}}}