{"token_acc": null, "token_p": null, "token_r": null, "token_f": null, "ents_p": 0.7208121827411168, "ents_r": 0.5201465201465202, "ents_f": 0.6042553191489363, "ents_per_type": {"Location": {"p": 0.25663716814159293, "r": 0.4027777777777778, "f": 0.31351351351351353}, "First_Name": {"p": 0.8117647058823529, "r": 0.9583333333333334, "f": 0.8789808917197452}, "Last_Name": {"p": 0.9482758620689655, "r": 1.0, "f": 0.9734513274336283}, "Age": {"p": 0.9726027397260274, "r": 0.2874493927125506, "f": 0.44375000000000003}, "Social_Security_Number": {"p": 0.6, "r": 0.42857142857142855, "f": 0.5}, "Date": {"p": 1.0, "r": 0.6582278481012658, "f": 0.7938931297709924}, "Phone_Number": {"p": 0.625, "r": 0.35714285714285715, "f": 0.45454545454545453}}}