{"token_acc": null, "token_p": null, "token_r": null, "token_f": null, "ents_p": 0.8052256532066508, "ents_r": 0.5936952714535902, "ents_f": 0.6834677419354839, "ents_per_type": {"PHI": {"p": 0.8052256532066508, "r": 0.5936952714535902, "f": 0.6834677419354839}}}