{"token_acc": 1.0, "token_p": 1.0, "token_r": 1.0, "token_f": 1.0, "ents_p": 0.8823959094229364, "ents_r": 0.7564182842830307, "ents_f": 0.8145650708024275, "ents_per_type": {"PHI": {"p": 0.8823959094229364, "r": 0.7564182842830307, "f": 0.8145650708024275}}}