{"token_acc": 1.0, "token_p": 1.0, "token_r": 1.0, "token_f": 1.0, "ents_p": 0.43026706231454004, "ents_r": 0.2396694214876033, "ents_f": 0.3078556263269639, "ents_per_type": {"PHI": {"p": 0.43026706231454004, "r": 0.2396694214876033, "f": 0.3078556263269639}}}