{"tp": 0.06348246674727932, "tn": 0.9155985489721886, "fp": 0.015114873035066506, "fn": 0.005804111245465538, "removals": 0.0032648125755743653, "rewrites": 0.0002418379685610641, "insertions": 0.0020556227327690447}