{"token_acc": 1.0, "token_p": 1.0, "token_r": 1.0, "token_f": 1.0, "ents_p": 0.7893835616438356, "ents_r": 0.82174688057041, "ents_f": 0.8052401746724891, "ents_per_type": {"Date": {"p": 0.9823008849557522, "r": 0.9736842105263158, "f": 0.9779735682819383}, "Location": {"p": 0.9256756756756757, "r": 0.9383561643835616, "f": 0.9319727891156463}, "Age": {"p": 0.02197802197802198, "r": 0.024096385542168676, "f": 0.02298850574712644}, "Phone_Number": {"p": 0.9411764705882353, "r": 0.9696969696969697, "f": 0.955223880597015}, "Social_Security_Number": {"p": 0.9629629629629629, "r": 1.0, "f": 0.9811320754716981}, "First_Name": {"p": 0.872, "r": 0.956140350877193, "f": 0.9121338912133891}, "Last_Name": {"p": 0.9565217391304348, "r": 0.9777777777777777, "f": 0.967032967032967}}}