{"tp": 0.04050785973397823, "tn": 0.5122128174123337, "fp": 0.14280532043530833, "fn": 0.3044740024183797, "removals": 0.026964933494558644, "rewrites": 0.29407496977025394, "insertions": 0.9714631197097945}