{"token_acc": 1.0, "token_p": 1.0, "token_r": 1.0, "token_f": 1.0, "ents_p": 0.09955423476968796, "ents_r": 0.6836734693877551, "ents_f": 0.17380025940337224, "ents_per_type": {"PHI": {"p": 0.09955423476968796, "r": 0.6836734693877551, "f": 0.17380025940337224}}}