{"token_acc": 1.0, "token_p": 1.0, "token_r": 1.0, "token_f": 1.0, "ents_p": 0.09212481426448738, "ents_r": 0.6138613861386139, "ents_f": 0.16020671834625322, "ents_per_type": {"PHI": {"p": 0.09212481426448738, "r": 0.6138613861386139, "f": 0.16020671834625322}}}