{"tp": 0.051349356082355836, "tn": 0.7450578295463867, "fp": 0.06841112295956032, "fn": 0.07677795094742022, "removals": 0.0367484209662866, "rewrites": 0.003773275367074071, "insertions": 0.0004921663522270527, "precision": 0.42876712328767125, "recall": 0.4007682458386684, "f1": 0.414295168762409}