{"token_acc": 1.0, "token_p": 1.0, "token_r": 1.0, "token_f": 1.0, "ents_p": 0.29508196721311475, "ents_r": 0.5510204081632653, "ents_f": 0.38434163701067614, "ents_per_type": {"Date": {"p": 0.6363636363636364, "r": 0.6363636363636364, "f": 0.6363636363636364}, "Location": {"p": 0.375, "r": 0.375, "f": 0.375}, "Health_Care_Unit": {"p": 0.0, "r": 0.0, "f": 0.0}, "Age": {"p": 0.0, "r": 0.0, "f": 0.0}, "Phone_Number": {"p": 0.0, "r": 0.0, "f": 0.0}, "Social_Security_Number": {"p": 0.0, "r": 0.0, "f": 0.0}, "First_Name": {"p": 0.3728813559322034, "r": 0.9166666666666666, "f": 0.5301204819277109}, "Last_Name": {"p": 0.8421052631578947, "r": 1.0, "f": 0.9142857142857143}}}