{"token_acc": 1.0, "token_p": 1.0, "token_r": 1.0, "token_f": 1.0, "ents_p": 0.6106983655274889, "ents_r": 0.6482649842271293, "ents_f": 0.6289211935730681, "ents_per_type": {"PHI": {"p": 0.6106983655274889, "r": 0.6482649842271293, "f": 0.6289211935730681}}}