{"token_acc": 1.0, "token_p": 1.0, "token_r": 1.0, "token_f": 1.0, "ents_p": 0.8184095178459612, "ents_r": 0.8921501706484641, "ents_f": 0.8536903984323971, "ents_per_type": {"PHI": {"p": 0.8184095178459612, "r": 0.8921501706484641, "f": 0.8536903984323971}}}