{"token_acc": 1.0, "token_p": 1.0, "token_r": 1.0, "token_f": 1.0, "ents_p": 0.6342494714587738, "ents_r": 0.7672634271099744, "ents_f": 0.6944444444444444, "ents_per_type": {"PHI": {"p": 0.6342494714587738, "r": 0.7672634271099744, "f": 0.6944444444444444}}}