{"token_acc": 1.0, "token_p": 1.0, "token_r": 1.0, "token_f": 1.0, "ents_p": 0.4194139194139194, "ents_r": 0.3640699523052464, "ents_f": 0.38978723404255317, "ents_per_type": {"PHI": {"p": 0.4194139194139194, "r": 0.3640699523052464, "f": 0.38978723404255317}}}