{"token_acc": 1.0, "token_p": 1.0, "token_r": 1.0, "token_f": 1.0, "ents_p": 0.27918781725888325, "ents_r": 0.46218487394957986, "ents_f": 0.34810126582278483, "ents_per_type": {"Date": {"p": 0.5714285714285714, "r": 0.6666666666666666, "f": 0.6153846153846153}, "Location": {"p": 0.375, "r": 0.2647058823529412, "f": 0.31034482758620696}, "Health_Care_Unit": {"p": 0.0, "r": 0.0, "f": 0.0}, "Age": {"p": 0.0, "r": 0.0, "f": 0.0}, "Phone_Number": {"p": 0.0, "r": 0.0, "f": 0.0}, "Social_Security_Number": {"p": 0.0, "r": 0.0, "f": 0.0}, "First_Name": {"p": 0.3283582089552239, "r": 0.7586206896551724, "f": 0.4583333333333333}, "Last_Name": {"p": 0.8, "r": 0.7619047619047619, "f": 0.7804878048780488}}}