{"token_acc": 1.0, "token_p": 1.0, "token_r": 1.0, "token_f": 1.0, "ents_p": 0.44761904761904764, "ents_r": 0.6151832460732984, "ents_f": 0.5181918412348402, "ents_per_type": {"First_Name": {"p": 0.8857142857142857, "r": 0.8611111111111112, "f": 0.8732394366197184}, "Last_Name": {"p": 0.8775510204081632, "r": 0.9555555555555556, "f": 0.9148936170212767}, "Age": {"p": 0.20647773279352227, "r": 0.35172413793103446, "f": 0.2602040816326531}, "Social_Security_Number": {"p": 0.6, "r": 0.75, "f": 0.6666666666666665}, "Location": {"p": 0.36923076923076925, "r": 0.5581395348837209, "f": 0.4444444444444445}, "Date": {"p": 0.6329113924050633, "r": 0.746268656716418, "f": 0.684931506849315}, "Phone_Number": {"p": 0.2, "r": 0.3333333333333333, "f": 0.25}}}