{"token_acc": 1.0, "token_p": 1.0, "token_r": 1.0, "token_f": 1.0, "ents_p": 0.629080118694362, "ents_r": 0.6816720257234726, "ents_f": 0.654320987654321, "ents_per_type": {"PHI": {"p": 0.629080118694362, "r": 0.6816720257234726, "f": 0.654320987654321}}}