{"token_acc": 1.0, "token_p": 1.0, "token_r": 1.0, "token_f": 1.0, "ents_p": 0.3882783882783883, "ents_r": 0.3024251069900143, "ents_f": 0.34001603849238177, "ents_per_type": {"PHI": {"p": 0.3882783882783883, "r": 0.3024251069900143, "f": 0.34001603849238177}}}