{"token_acc": 1.0, "token_p": 1.0, "token_r": 1.0, "token_f": 1.0, "ents_p": 0.5412262156448203, "ents_r": 0.6808510638297872, "ents_f": 0.6030624263839811, "ents_per_type": {"PHI": {"p": 0.5412262156448203, "r": 0.6808510638297872, "f": 0.6030624263839811}}}