{"tp": 0.02746767327925468, "tn": 0.5132921050518031, "fp": 0.08208176050116457, "fn": 0.17693357963215806, "removals": 0.03863143522608626, "rewrites": 0.11356517548791262, "insertions": 0.17380130110031322, "precision": 0.250733137829912, "recall": 0.1343811394891945, "f1": 0.17498081350729086}