{"token_acc": 1.0, "token_p": 1.0, "token_r": 1.0, "token_f": 1.0, "ents_p": 0.7008547008547008, "ents_r": 0.6466876971608833, "ents_f": 0.6726825266611977, "ents_per_type": {"Date": {"p": 0.9736842105263158, "r": 0.9652173913043478, "f": 0.9694323144104805}, "Location": {"p": 0.564625850340136, "r": 0.4088669950738916, "f": 0.4742857142857142}, "Age": {"p": 0.02197802197802198, "r": 0.025, "f": 0.02339181286549708}, "Phone_Number": {"p": 0.9411764705882353, "r": 0.9696969696969697, "f": 0.955223880597015}, "Social_Security_Number": {"p": 0.9629629629629629, "r": 0.8125, "f": 0.8813559322033898}, "First_Name": {"p": 0.904, "r": 0.9262295081967213, "f": 0.9149797570850203}, "Last_Name": {"p": 0.9148936170212766, "r": 0.8775510204081632, "f": 0.8958333333333333}}}