{"tp": 0.05914198999261751, "tn": 0.7458781068000985, "fp": 0.0675088179804774, "fn": 0.06906734476252974, "removals": 0.03436961693052252, "rewrites": 0.0030350258387334917, "insertions": 0.00016405545074235091, "precision": 0.46696891191709844, "recall": 0.4612923864363404, "f1": 0.4641132925651755}