{"tp": 0.058766626360338574, "tn": 0.896130592503023, "fp": 0.029987908101571946, "fn": 0.015114873035066506, "removals": 0.003990326481257557, "rewrites": 0.005804111245465538, "insertions": 0.00532043530834341, "precision": 0.662125340599455, "recall": 0.7954173486088378, "f1": 0.7226765799256506}