{"token_acc": 1.0, "token_p": 1.0, "token_r": 1.0, "token_f": 1.0, "ents_p": 0.5875370919881305, "ents_r": 0.376425855513308, "ents_f": 0.45886442641946695, "ents_per_type": {"PHI": {"p": 0.5875370919881305, "r": 0.376425855513308, "f": 0.45886442641946695}}}