{"token_acc": 1.0, "token_p": 1.0, "token_r": 1.0, "token_f": 1.0, "ents_p": 0.09212481426448738, "ents_r": 0.5210084033613446, "ents_f": 0.15656565656565657, "ents_per_type": {"PHI": {"p": 0.09212481426448738, "r": 0.5210084033613446, "f": 0.15656565656565657}}}