{"tp": 0.052825855139036995, "tn": 0.7337380034451645, "fp": 0.07595767369370847, "fn": 0.07907472725781314, "removals": 0.033467311951439586, "rewrites": 0.0068903289311787385, "insertions": 0.08776966614715774, "precision": 0.4101910828025478, "recall": 0.4004975124378109, "f1": 0.4052863436123348}