{"token_acc": 1.0, "token_p": 1.0, "token_r": 1.0, "token_f": 1.0, "ents_p": 0.6474639949906074, "ents_r": 0.8906115417743324, "ents_f": 0.7498187092095723, "ents_per_type": {"PHI": {"p": 0.6474639949906074, "r": 0.8906115417743324, "f": 0.7498187092095723}}}