{"token_acc": 1.0, "token_p": 1.0, "token_r": 1.0, "token_f": 1.0, "ents_p": 0.8266199649737302, "ents_r": 0.5526932084309133, "ents_f": 0.6624561403508772, "ents_per_type": {"PHI": {"p": 0.8266199649737302, "r": 0.5526932084309133, "f": 0.6624561403508772}}}