{"token_acc": 1.0, "token_p": 1.0, "token_r": 1.0, "token_f": 1.0, "ents_p": 0.205761316872428, "ents_r": 0.49504950495049505, "ents_f": 0.29069767441860467, "ents_per_type": {"Date": {"p": 0.16666666666666666, "r": 0.625, "f": 0.2631578947368421}, "Location": {"p": 0.2692307692307692, "r": 0.21875, "f": 0.2413793103448276}, "Health_Care_Unit": {"p": 0.0, "r": 0.0, "f": 0.0}, "Age": {"p": 0.0, "r": 0.0, "f": 0.0}, "Phone_Number": {"p": 0.0, "r": 0.0, "f": 0.0}, "Social_Security_Number": {"p": 0.0, "r": 0.0, "f": 0.0}, "First_Name": {"p": 0.3333333333333333, "r": 0.92, "f": 0.4893617021276595}, "Last_Name": {"p": 0.6521739130434783, "r": 0.9375, "f": 0.7692307692307693}}}