{"token_acc": 1.0, "token_p": 1.0, "token_r": 1.0, "token_f": 1.0, "ents_p": 0.5835095137420718, "ents_r": 0.6509433962264151, "ents_f": 0.6153846153846153, "ents_per_type": {"PHI": {"p": 0.5835095137420718, "r": 0.6509433962264151, "f": 0.6153846153846153}}}