{"token_acc": 1.0, "token_p": 1.0, "token_r": 1.0, "token_f": 1.0, "ents_p": 0.38022813688212925, "ents_r": 0.28530670470756064, "ents_f": 0.32599837000814996, "ents_per_type": {"First_Name": {"p": 0.7887323943661971, "r": 0.12307692307692308, "f": 0.2129277566539924}, "Last_Name": {"p": 0.8363636363636363, "r": 0.7666666666666667, "f": 0.8}, "Age": {"p": 0.125, "r": 0.33707865168539325, "f": 0.182370820668693}, "Social_Security_Number": {"p": 0.3333333333333333, "r": 0.6666666666666666, "f": 0.4444444444444444}, "Location": {"p": 0.42028985507246375, "r": 0.6304347826086957, "f": 0.5043478260869565}, "Date": {"p": 0.4647887323943662, "r": 0.868421052631579, "f": 0.6055045871559632}, "Phone_Number": {"p": 0.2857142857142857, "r": 0.4, "f": 0.3333333333333333}}}