{"token_acc": 1.0, "token_p": 1.0, "token_r": 1.0, "token_f": 1.0, "ents_p": 0.4358974358974359, "ents_r": 0.6230366492146597, "ents_f": 0.5129310344827587, "ents_per_type": {"PHI": {"p": 0.4358974358974359, "r": 0.6230366492146597, "f": 0.5129310344827587}}}