{"token_acc": 1.0, "token_p": 1.0, "token_r": 1.0, "token_f": 1.0, "ents_p": 0.549777117384844, "ents_r": 0.6548672566371682, "ents_f": 0.5977382875605817, "ents_per_type": {"PHI": {"p": 0.549777117384844, "r": 0.6548672566371682, "f": 0.5977382875605817}}}