{"token_acc": 1.0, "token_p": 1.0, "token_r": 1.0, "token_f": 1.0, "ents_p": 0.730745147150908, "ents_r": 0.8820861678004536, "ents_f": 0.7993150684931507, "ents_per_type": {"PHI": {"p": 0.730745147150908, "r": 0.8820861678004536, "f": 0.7993150684931507}}}