{"token_acc": 1.0, "token_p": 1.0, "token_r": 1.0, "token_f": 1.0, "ents_p": 0.851138353765324, "ents_r": 0.8307692307692308, "ents_f": 0.8408304498269896, "ents_per_type": {"PHI": {"p": 0.851138353765324, "r": 0.8307692307692308, "f": 0.8408304498269896}}}