{"token_acc": 1.0, "token_p": 1.0, "token_r": 1.0, "token_f": 1.0, "ents_p": 0.6201680672268908, "ents_r": 0.6530973451327433, "ents_f": 0.6362068965517241, "ents_per_type": {"Date": {"p": 0.8347826086956521, "r": 0.9411764705882353, "f": 0.8847926267281107}, "Location": {"p": 0.4863013698630137, "r": 0.3879781420765027, "f": 0.4316109422492402}, "Age": {"p": 0.021505376344086023, "r": 0.0273972602739726, "f": 0.024096385542168676}, "Phone_Number": {"p": 0.8648648648648649, "r": 0.9411764705882353, "f": 0.9014084507042254}, "Social_Security_Number": {"p": 0.8666666666666667, "r": 0.9285714285714286, "f": 0.896551724137931}, "First_Name": {"p": 0.8110236220472441, "r": 0.9716981132075472, "f": 0.8841201716738198}, "Last_Name": {"p": 0.8297872340425532, "r": 1.0, "f": 0.9069767441860465}}}