{"token_acc": 1.0, "token_p": 1.0, "token_r": 1.0, "token_f": 1.0, "ents_p": 0.4538152610441767, "ents_r": 0.35930047694753575, "ents_f": 0.4010647737355812, "ents_per_type": {"Location": {"p": 0.4057971014492754, "r": 0.2641509433962264, "f": 0.32}, "Last_Name": {"p": 0.8095238095238095, "r": 0.5964912280701754, "f": 0.6868686868686869}, "First_Name": {"p": 0.9666666666666667, "r": 0.2543859649122807, "f": 0.4027777777777778}, "Age": {"p": 0.2388663967611336, "r": 0.3597560975609756, "f": 0.2871046228710462}, "Social_Security_Number": {"p": 1.0, "r": 0.5, "f": 0.6666666666666666}, "Date": {"p": 0.6081081081081081, "r": 0.6428571428571429, "f": 0.625}, "Phone_Number": {"p": 0.2, "r": 0.5, "f": 0.28571428571428575}}}