{"tp": 0.024014135410810378, "tn": 0.5295960163842262, "fp": 0.06465344149064332, "fn": 0.1815115251787005, "removals": 0.02955585896715123, "rewrites": 0.11476989800016063, "insertions": 0.09220142960404787}