{"token_acc": 1.0, "token_p": 1.0, "token_r": 1.0, "token_f": 1.0, "ents_p": 0.6830122591943958, "ents_r": 0.46208530805687204, "ents_f": 0.5512367491166078, "ents_per_type": {"PHI": {"p": 0.6830122591943958, "r": 0.46208530805687204, "f": 0.5512367491166078}}}