{"tp": 0.025620432093807727, "tn": 0.5334511284234198, "fp": 0.06385029314914464, "fn": 0.1768532647980082, "removals": 0.026744839771905872, "rewrites": 0.11155730463416592, "insertions": 0.08995261424785157, "precision": 0.2863554757630162, "recall": 0.12653708845696152, "f1": 0.17551581843191197}