{"token_acc": 1.0, "token_p": 1.0, "token_r": 1.0, "token_f": 1.0, "ents_p": 0.6849925705794948, "ents_r": 0.82174688057041, "ents_f": 0.7471636952998381, "ents_per_type": {"PHI": {"p": 0.6849925705794948, "r": 0.82174688057041, "f": 0.7471636952998381}}}